Transaction_ID,Date,Currency,Amount,Transaction_Type,Counterparty,Counterparty_Account,Bank_Name,Bank_Account,Source
5373426189,13-03-2025,INA,40707.41,DEBIT,,GB57PCOL74549789591402,ICICI Bank,GB23ORUG00458755524443,MT940
6618764602,14-03-2025,JPY,48277.06,CREDIT,Ryani Inc,GB63XMZL77776802636985,HDFC Bank,GB35OBYJ87668036062717,MT940
7405959189,17-03-2025,JPY,42386.2,CREDIT,,GB36JYGZ01404913208798,Syndicate Bank,GB71RBVT08381489729858,MT940
5262551692,24-02-2025,GBP,13222.24,CREDIT,Parrish LLC,GB71KTBH78267726680194,HDFC Bank,GB56ZXYT03957841086492,MT940
5963038972,18-02-2025,EUR,33901.29,CREDIT,Fernandez-Bradley,GB02UHTW70645467995183,Syndicate Bank,GB36SKEN48657855233547,MT940
7970213302,02-03-2025,GBP,25172.14,DEBIT,"Johnson, Ferguson and Sims",GB95UUQZ59972417548795,Syndicate Bank,GB45EAPN26104364646947,MT940
5032195797,25-02-2025,INR,44197.36,DEBIT,Quinn-Simmons,GB07YEGF85657588898648,Syndicate Bank,GB21SLZZ93635170221623,MT940
1638918823,18-03-2025,INR,48410.28,DEBIT,"Wagner, Schmidt and Bender",GB25CGGU67008654707711,Syndicate Bank,GB25SOBQ26609149349591,MT940
6627483985,14-03-2025,USD,25391.92,CREDIT,Martinez Inc,GB68JHPD06059542302844,Syndicate Bank,GB34TNDN45802719133160,MT940
4102119749,27-02-2025,INR,21127.51,DEBIT,"Farley, Gardner and Torres",GB03WVGS34433820386854,ICICI Bank,GB72GEVK95903170356237,MT940
2562234592,07-03-2025,USD,26866.74,DEBIT,West-Rowe,GB12DWMG32523717387396,HDFC Bank,GB22DYFH43600778231381,MT940
7299493850,22-02-2025,EUR,45778.86,CREDIT,Martin Ltd,GB35BGCA66699901663667,ICICI Bank,GB30EXNJ80990162420741,MT940
9519302288,17-03-2025,GBP,41934.42,DEBIT,Gonzalez and Sons,GB61QMSG07122892672304,ICICI Bank,GB40KHJZ61868257950772,MT940
9550977851,18-02-2025,JPY,23644.71,DEBIT,"Rodriguez, Hayes and Rivera",GB84IYZA92097037145059,HDFC Bank,GB41PTZH58800098905404,MT940
6954692259,16-03-2025,USD,10464.98,DEBIT,"Clark, Wilson and Carter",GB70MJTX80299455564938,Syndicate Bank,GB75LCDX37830912488726,MT940
2015617240,17-02-2025,INR,4433.47,CREDIT,Lang Group,GB18SQOM87866900509813,ICICI Bank,GB26NBME14651540874328,MT940
7530835515,14-03-2025,JPY,36582.67,DEBIT,Robinson-Smith,GB96YLEJ61458834156773,ICICI Bank,GB54JXVZ84381668400806,MT940
8349564650,06-03-2025,EUR,41178.49,CREDIT,Lewis-Richards,GB86OIBB49656848761307,ICICI Bank,GB62TXRT01850751018152,MT940
6468331073,19-02-2025,INR,34306.03,CREDIT,"Davidson, Burns and Hall",GB09VJUP00397111478018,HDFC Bank,GB14PZEW09921803294046,MT940
7545001353,14-03-2025,EUR,10508.21,DEBIT,Smith Group,GB77DDKA58313444431446,ICICI Bank,GB31BEJU43737596340716,MT940
3133984697,12-03-2025,JPY,38268.01,DEBIT,Howe PLC,GB07BSQQ05512380423350,HDFC Bank,GB40ESDM68757099923092,MT940
9664236370,21-02-2025,INR,30000.39,DEBIT,Gordon-Lopez,GB04KNVQ74854656617244,HDFC Bank,GB44XVLC19500311300147,MT940
8649717349,18-02-2025,EUR,39209.36,DEBIT,Miller Inc,GB67MMHI58764040357701,ICICI Bank,GB06CGEO58996011103051,MT940
4846385785,23-02-2025,INR,1470.61,DEBIT,Miller and Sons,GB74ZUDH13440031404353,Syndicate Bank,GB89GXCA09539429636261,MT940
6388800455,18-03-2025,USD,19131.49,DEBIT,Gibbs-Walker,GB95WLYN55378477151557,HDFC Bank,GB85RBNZ63614623511406,MT940
6719487071,05-03-2025,JPY,18247.84,CREDIT,Smith-Taylor,GB47EIAP43530207332221,HDFC Bank,GB98MSIG89493591479323,MT940
9105386876,24-02-2025,GBP,40310.2,CREDIT,"Grant, Brown and Simmons",GB21WPRZ10482612059324,Syndicate Bank,GB57SDMK32990369937947,MT940
1632818010,02-03-2025,INR,47621.71,CREDIT,Bates Ltd,GB94JMFB74168452918102,ICICI Bank,GB44ZSVS00310967153377,MT940
8611571434,17-02-2025,USD,43940.77,DEBIT,"Callahan, Baker and Buchanan",GB43SRKZ20530353355337,HDFC Bank,GB76PPWO60892439134940,MT940
2383680519,23-02-2025,EUR,17647.97,CREDIT,Jensen Group,GB95WWUF26622669495307,ICICI Bank,GB47XNII23281540212205,MT940
8723688761,13-03-2025,INR,9420,DEBIT,"Morton, Singh and Taylor",GB22PQBR83651459453967,Syndicate Bank,GB85VNDJ81562280052551,MT940
1729082677,18-03-2025,JPY,43280.1,DEBIT,"Cole, Williams and Maddox",GB92ZAZU50139371052305,ICICI Bank,GB73NTFT81429359357192,MT940
3147459846,07-03-2025,GBP,29397.91,CREDIT,Doyle-Marshall,GB08TXQB43653360886179,Syndicate Bank,GB73AUFJ40510635557036,MT940
6258777986,12-03-2025,INR,15884.39,CREDIT,Thompson Group,GB48STOB33297666345602,Syndicate Bank,GB95CVHG71924985484998,MT940
7178558094,21-02-2025,JPY,39858.21,CREDIT,Weeks-Ramos,GB63IGXB78830978802671,HDFC Bank,GB83ILVO62145556166127,MT940
2708246053,22-02-2025,GBP,19140.41,DEBIT,Baker and Sons,GB20SHVW77158252402690,ICICI Bank,GB10TRBR20913253554195,MT940
6874091078,09-03-2025,JPY,39150.95,CREDIT,Bush-Curry,GB71JHXB94264387287649,Syndicate Bank,GB25HSJS34419637378210,MT940
5620115680,11-03-2025,INR,46301.2,DEBIT,"Torres, Henry and Chambers",GB54BYEN56874677562665,Syndicate Bank,GB14OKJX81541161278580,MT940
1298258991,17-02-2025,JPY,4707.65,DEBIT,Rodriguez-Evans,GB82RFYB95215091777808,Syndicate Bank,GB75BBUH77466421155818,MT940
9991371603,12-03-2025,JPY,22134.65,DEBIT,Hays PLC,GB49SHYK26607040516294,ICICI Bank,GB49PQYB79734956155853,MT940
6639007067,05-03-2025,USD,10157.16,DEBIT,Wolfe PLC,GB66PVWH26488843779006,Syndicate Bank,GB70GLVF45765819004435,MT940
8166943407,15-03-2025,INR,8086.67,CREDIT,Diaz Ltd,GB61HHHO28574478898896,Syndicate Bank,GB74EZOO51451272060860,MT940
5249972344,06-03-2025,GBP,20193.2,DEBIT,Jenkins and Sons,GB75NIKL48893531998206,HDFC Bank,GB69RFLA74113032558517,MT940
6838870338,02-03-2025,INR,37947.96,CREDIT,Morrow Ltd,GB87RLWO95233506572063,Syndicate Bank,GB65VJGI84938129083853,MT940
6147923086,13-03-2025,EUR,28793.32,DEBIT,House-Martinez,GB61DAAZ27790005576309,ICICI Bank,GB68AOVV03190825275445,MT940
7098844883,12-03-2025,USD,6428.07,CREDIT,Fowler Inc,GB65EJVO38683482555832,ICICI Bank,GB38ZKQP67341416024877,MT940
2552357857,07-03-2025,USD,37672.97,DEBIT,"Cook, Mcmahon and Harris",GB35WVTH66928961714570,ICICI Bank,GB18PKIG24463569008104,MT940
5349473545,13-03-2025,GBP,12193.82,DEBIT,Wilson PLC,GB65DRUI00521177851740,ICICI Bank,GB43AIOQ15282934210123,MT940
6865830950,12-03-2025,INR,5178.62,CREDIT,Bentley and Sons,GB64HFZI03059729885082,HDFC Bank,GB58TZPY73595593555503,MT940
2671587089,09-03-2025,JPY,23695,DEBIT,"Gardner, Stanley and Hurley",GB57FWFI40815991793417,Syndicate Bank,GB69GGGH38608397156373,MT940
6849948501,09-03-2025,USD,16744.48,DEBIT,"Espinoza, Villa and Gutierrez",GB22PUAF42943688439084,ICICI Bank,GB44JGAB26587526301789,MT940
7610566959,27-02-2025,EUR,3473.04,CREDIT,Rangel-Martinez,GB04PHQD38217918062302,HDFC Bank,GB72XZNB05429119582218,MT940
5593834128,04-03-2025,USD,47261.73,DEBIT,Garrett-Harris,GB46VPSJ55116337126822,ICICI Bank,GB89HPHV18807838762506,MT940
3849002869,05-03-2025,JPY,14749.36,DEBIT,Young Ltd,GB27SRGW16742939490633,Syndicate Bank,GB52MLEX04689012662896,MT940
5494381177,19-02-2025,USD,20967.52,DEBIT,Holden-Watson,GB44DSRH45202687243269,ICICI Bank,GB62VNAW97501908947416,MT940
3555228237,02-03-2025,USD,41224.51,CREDIT,Johnson-Martinez,GB98KJVJ68252472172535,Syndicate Bank,GB71GRNR71921683529267,MT940
4124968238,24-02-2025,JPY,24599.61,CREDIT,Guerra and Sons,GB63CRFT64826634676325,ICICI Bank,GB31EDAI17879430441189,MT940
1203676612,14-03-2025,EUR,45506.36,CREDIT,Mosley LLC,GB54LXWJ49523478288165,HDFC Bank,GB56SDRU28666706796167,MT940
5210124035,15-03-2025,EUR,37934.82,DEBIT,Horn LLC,GB26CUFH88211083322880,Syndicate Bank,GB62CAHY21237499413840,MT940
2064223559,11-03-2025,INR,1351.3,CREDIT,"Conway, Russell and Singh",GB03FDAV91939955821238,ICICI Bank,GB08QYBZ07976361387199,MT940
9124148971,14-03-2025,EUR,36223.01,DEBIT,"Freeman, Barnes and Keller",GB72WUJO22252723564462,ICICI Bank,GB36EHEE26052435886795,MT940
1041924896,27-02-2025,GBP,34102.33,CREDIT,Taylor-Mccarty,GB71PTKY78500996591960,ICICI Bank,GB66RSAZ97692891064602,MT940
8390568645,08-03-2025,USD,10312.15,CREDIT,"Myers, Drake and Hansen",GB07CSBC80110623698063,HDFC Bank,GB03GUVF35867417479587,MT940
3687782285,08-03-2025,EUR,3450.31,CREDIT,Reed-Palmer,GB83JDXH91046092032077,Syndicate Bank,GB09KMKF65386519665147,MT940
2918151164,19-02-2025,JPY,25344.16,CREDIT,Gates Ltd,GB58EYFB30119956498092,ICICI Bank,GB56TQCN99149535184771,MT940
8583647884,07-03-2025,GBP,28376.35,DEBIT,Davis-Robinson,GB63PUGF53815664469875,Syndicate Bank,GB65XFRC80671143633471,MT940
7498695559,12-03-2025,JPY,19838.25,DEBIT,Curry-Smith,GB20NMMG73578398455058,HDFC Bank,GB73LNIN10747144905276,MT940
9671630246,01-03-2025,GBP,43178.3,CREDIT,Rogers-Wade,GB09DPWU81312762012211,ICICI Bank,GB84NVJU19391853554373,MT940
6817873043,11-03-2025,EUR,34063.89,CREDIT,"Baker, Jackson and Hoover",GB14GQJI65204008968509,ICICI Bank,GB71ANYH77167806649506,MT940
5989459982,18-03-2025,USD,45134.16,DEBIT,Bush Ltd,GB48PEMU12064451140375,HDFC Bank,GB85SEHK75344310842186,MT940
7515614449,13-03-2025,JPY,17951.61,CREDIT,Barber-Nguyen,GB59NVEJ48729930872241,HDFC Bank,GB29SVPX10570518562241,MT940
4684297530,06-03-2025,JPY,35210.69,DEBIT,"Wilson, West and Bright",GB32VUIM19500898208260,Syndicate Bank,GB65NIIG81644054356348,MT940
2523806641,15-03-2025,JPY,15093.11,CREDIT,"Browning, Rodriguez and Gray",GB81CDWZ02403668443828,HDFC Bank,GB59SQFU59771053739244,MT940
6819540826,11-03-2025,GBP,3007.59,DEBIT,Powers PLC,GB43KLSR93645494961063,HDFC Bank,GB10PNJX49886953761189,MT940
7465056062,04-03-2025,INR,33608.53,DEBIT,Stewart-Washington,GB39JMWC98497870356060,ICICI Bank,GB85HVHZ19740483266529,MT940
8376567573,16-03-2025,INR,7073.4,CREDIT,Hudson-Horn,GB32HZCH39659540073539,Syndicate Bank,GB09ROVG63086622249389,MT940
2042136176,22-02-2025,USD,32279.55,CREDIT,Williamson-Carter,GB83XWIS67381213703596,HDFC Bank,GB04XIQW12165943285921,MT940
6802934198,09-03-2025,EUR,45340.9,CREDIT,"Kennedy, Jordan and Frye",GB46HPSA21537213840541,ICICI Bank,GB89XDCX11756391666280,MT940
8594902584,20-02-2025,GBP,24491.65,CREDIT,"Ortega, Moore and Mccullough",GB57DEIA16749036919789,HDFC Bank,GB42IRIA55227574379422,MT940
9069164087,26-02-2025,INR,9861.77,CREDIT,Moore-Rodriguez,GB89EKVB91434704959924,HDFC Bank,GB45GOUJ57324188547865,MT940
7314658188,01-03-2025,USD,15724.04,CREDIT,Zimmerman and Sons,GB65KPFR50850685568766,Syndicate Bank,GB48BRJG77039560742463,MT940
5733663161,28-02-2025,GBP,8575.99,DEBIT,Arnold Ltd,GB18BFEP23886248501675,Syndicate Bank,GB34NTEI80200909753784,MT940
3577006821,11-03-2025,EUR,39235.06,DEBIT,Stephens Inc,GB57VNPP59679095830983,HDFC Bank,GB14BFTN43163345952372,MT940
9377494398,19-02-2025,USD,37176.32,DEBIT,Daniels Ltd,GB64PFIZ53101834143792,HDFC Bank,GB84PRSI81127503353289,MT940
4095990527,26-02-2025,EUR,18414.9,CREDIT,"Anthony, Giles and Russo",GB44DHRR32201060919282,Syndicate Bank,GB03NWKD49133451576259,MT940
7436429017,18-03-2025,JPY,15843.36,DEBIT,Hull and Sons,GB14KWAG87323536504685,HDFC Bank,GB74INSN30097722434178,MT940
1216471773,27-02-2025,JPY,26871.57,DEBIT,Espinoza-Brown,GB27VYEH02496522126234,ICICI Bank,GB28HSCF48216679535861,MT940
3001499611,13-03-2025,JPY,18929.28,DEBIT,Flores and Sons,GB93CAHA17202545322940,Syndicate Bank,GB71VQFA91434183119306,MT940
4744865142,21-02-2025,EUR,38131.55,DEBIT,Norman Ltd,GB28TFOP09102997100167,HDFC Bank,GB38EEOE92644741838129,MT940
4854453296,14-03-2025,EUR,27317.56,DEBIT,"Smith, Acevedo and Carter",GB90OCGE48828259020528,ICICI Bank,GB53LWJT05701743567474,MT940
8343995546,17-03-2025,GBP,39535.11,CREDIT,Pitts-Kelly,GB96MDEP71502976762537,Syndicate Bank,GB31XKCJ61116285091948,MT940
6800520902,25-02-2025,EUR,19136.1,DEBIT,"Ward, Henderson and Romero",GB39OFIO44958861246140,ICICI Bank,GB55FETT97287104853219,MT940
4950082057,14-03-2025,GBP,7535.8,CREDIT,Castillo Group,GB06MFVW16656420789339,ICICI Bank,GB42XDGD99483986979959,MT940
6930603098,19-02-2025,USD,32604.01,DEBIT,Allen Ltd,GB57SBUB74737323232609,ICICI Bank,GB98TDTH39376957655361,MT940
3135687995,27-02-2025,USD,45797.43,CREDIT,Neal-Poole,GB79NYLY80956142513646,ICICI Bank,GB38ZGAA53935628545970,MT940
3286222268,20-02-2025,EUR,48773.7,CREDIT,"Bell, Wilson and Leonard",GB05LLDF29924812974461,ICICI Bank,GB43JXFS44189579895097,MT940
2359748457,04-03-2025,USD,9515.7,DEBIT,"Kelly, Johnson and Atkinson",GB30QPRX97262550504890,HDFC Bank,GB69NRSW86135107349941,MT940
5191956738,24-02-2025,INR,5918.72,CREDIT,"Ball, Christensen and Riggs",GB34YIRP74635371082549,HDFC Bank,GB39IWVO78728867153605,MT940
4673874823,06-03-2025,USD,41938.07,DEBIT,Rodriguez-Heath,GB05XPFQ24328916624635,Syndicate Bank,GB29CVVI11348953498863,MT940
9518831033,18-03-2025,INR,23601.41,DEBIT,Burns-Clark,GB75DKLM83801534104921,ICICI Bank,GB15KTRT62670593626225,MT940
3950895968,19-02-2025,GBP,20787.22,CREDIT,"Cole, Mathis and Brennan",GB75YFJL39628770503711,HDFC Bank,GB21JLLO76068307759595,MT940
7646049303,06-03-2025,EUR,24168.31,DEBIT,Hayes Group,GB62FNWO70530501270297,ICICI Bank,GB83HIQA57645998021465,MT940
5591475112,01-03-2025,GBP,3337.37,CREDIT,Gates PLC,GB19ITEK89154195314052,ICICI Bank,GB87HGXM72506446911896,MT940
1914357749,19-02-2025,JPY,15689.77,DEBIT,"Garcia, Hernandez and White",GB04FUHS69950938625259,Syndicate Bank,GB10AGUU63311000540894,MT940
9834410279,15-03-2025,USD,23256.54,CREDIT,Dixon Ltd,GB35IVJC52713603984801,HDFC Bank,GB68UNCV22032667959739,MT940
1418580082,01-03-2025,EUR,1756.83,CREDIT,Taylor Ltd,GB45CHEH55872618353769,HDFC Bank,GB62OSPD31554221968285,MT940
3331938810,13-03-2025,GBP,36919.12,DEBIT,Mcclain-Chandler,GB63CDOR48736817724732,ICICI Bank,GB32GTIO46957905334851,MT940
7050144008,22-02-2025,EUR,25520.39,CREDIT,Rose Inc,GB32OBDW79285882665161,ICICI Bank,GB20ZJTJ01748727464230,MT940
5823058076,03-03-2025,GBP,37757.42,CREDIT,King Inc,GB17LZUZ40206624495132,Syndicate Bank,GB09EHDU42041591621703,MT940
4221085658,24-02-2025,INR,39399.23,DEBIT,Bolton and Sons,GB23MABQ43575491796343,HDFC Bank,GB10GHTZ18951373921087,MT940
6658049001,16-03-2025,GBP,38505.18,CREDIT,"Gregory, Swanson and Navarro",GB37JLNL32773232371094,Syndicate Bank,GB12EZTQ36557393989258,MT940
9284955550,16-03-2025,USD,42351.15,CREDIT,Peterson-Lawson,GB72ZVCS14918588026148,HDFC Bank,GB38BHSV85689257440935,MT940
2781794548,03-03-2025,JPY,27564.89,CREDIT,"Hernandez, Brown and Dean",GB46NYVB73554187625321,Syndicate Bank,GB13AFHQ48351957605999,MT940
1437412845,17-02-2025,JPY,25767.62,DEBIT,Mckee-Ballard,GB23ZJVR48189705152145,ICICI Bank,GB15IBBA75937360409934,MT940
4548438956,22-02-2025,INR,29147.26,CREDIT,Green-Miller,GB38PYNP97233310037729,HDFC Bank,GB12ZIWN86991842013015,MT940
9136710305,22-02-2025,EUR,45479.56,DEBIT,Moreno-Martinez,GB41DZXA14211643080328,Syndicate Bank,GB63FHJE68037522629496,MT940
4730450126,09-03-2025,INR,36883.99,CREDIT,Middleton Group,GB59FEDH31917785112593,HDFC Bank,GB21PTEF34321321018962,MT940
5272041859,21-02-2025,USD,20934.84,CREDIT,Lawson-Hall,GB44MAXV27249352511213,Syndicate Bank,GB27GSCI89483068451146,MT940
8482079259,24-02-2025,JPY,24705.23,CREDIT,Ramirez-Cox,GB27TPCZ57962525807822,HDFC Bank,GB70EGVE15199492391224,MT940
1829683708,11-03-2025,GBP,31800.64,CREDIT,Fields-Wilson,GB96PSOX87940966539362,Syndicate Bank,GB09JVBA38137621227365,MT940
3704899807,14-03-2025,EUR,3049.05,CREDIT,"Huerta, Herring and Hodge",GB18UBNS89860675664947,HDFC Bank,GB91CXCX30052244388760,MT940
3390979421,24-02-2025,EUR,11336.16,CREDIT,Warner-Lewis,GB79BIHJ78408206115923,Syndicate Bank,GB84UYML92438661369231,MT940
3143892504,25-02-2025,USD,20298.51,CREDIT,David-Morrison,GB28DQIW04520484239635,HDFC Bank,GB18UHVM16644269966909,MT940
5548014592,22-02-2025,USD,48234.68,CREDIT,Foster LLC,GB04ZENZ98842551844052,ICICI Bank,GB58GHSJ54427426567700,MT940
8036256376,22-02-2025,EUR,35961.24,DEBIT,"Willis, Hunt and Watson",GB95RHVU39401768227577,Syndicate Bank,GB05AAWJ56372452554045,MT940
8366813089,20-02-2025,EUR,40909.97,DEBIT,"Underwood, Beck and Arroyo",GB77VVZO63727107387681,HDFC Bank,GB47QVDZ69923651060031,MT940
3119892662,21-02-2025,JPY,27165.02,DEBIT,James-Kim,GB85GDGY27820080078200,ICICI Bank,GB94CFTG64177522274267,MT940
1567550234,20-02-2025,USD,19700.65,CREDIT,Hunt-Evans,GB10RQES12856171119430,Syndicate Bank,GB95OAUM81630037129340,MT940
4308165937,09-03-2025,INR,25483.25,CREDIT,"Bender, Wright and Ramsey",GB74NETS39586107826666,Syndicate Bank,GB34BWKM38839581152600,MT940
1898054317,02-03-2025,JPY,21744.79,DEBIT,Miller Group,GB32LAOK50013987766503,Syndicate Bank,GB93GMAA60970281669286,MT940
7062599713,27-02-2025,GBP,30949.82,CREDIT,Jackson-Rojas,GB89LIFA64729169150146,ICICI Bank,GB35LCMN34289579763721,MT940
3260618415,18-03-2025,USD,14938.27,CREDIT,Zimmerman LLC,GB85JVBC54105600879168,ICICI Bank,GB32ZBMQ81856269801029,MT940
2232670811,24-02-2025,EUR,5681.89,CREDIT,Davis Ltd,GB50LKGV00330466454286,HDFC Bank,GB58NSVQ95355343108027,MT940
8400585384,08-03-2025,GBP,27701.83,DEBIT,Wang-Young,GB30FLNE40290377782563,HDFC Bank,GB73IRJT16205662370454,MT940
7601407919,13-03-2025,GBP,13244.33,DEBIT,Hahn-Brown,GB48TAND12134808062038,ICICI Bank,GB28FQOY36126486058984,MT940
1656637618,17-03-2025,USD,30502.71,DEBIT,Carson-Sandoval,GB45NTOQ76369349545321,HDFC Bank,GB17VLAI95620331734769,MT940
1346620168,16-03-2025,JPY,17150.08,CREDIT,Hughes PLC,GB85GVQR59878795014575,Syndicate Bank,GB40VXTM44153649151882,MT940
3982404922,11-03-2025,EUR,22238.67,CREDIT,Hicks Group,GB22HVSG53044158812439,ICICI Bank,GB11KEAZ71294720196020,MT940
3108650946,17-03-2025,JPY,12536.48,DEBIT,Horn Inc,GB41BMUR98165026362077,ICICI Bank,GB55PDVA99792976461216,MT940
4063642010,28-02-2025,GBP,10016.36,DEBIT,"Nichols, Hill and Chan",GB60SQAR70622895212033,HDFC Bank,GB57VGQL62798818604048,MT940
3882570439,22-02-2025,EUR,20726.1,DEBIT,"Collins, Walker and Paul",GB77BKPK40177814158913,ICICI Bank,GB24ZXCQ94007689656079,MT940
7513579922,06-03-2025,INR,43794.38,CREDIT,Chen-Santiago,GB51ORUS01276957790349,HDFC Bank,GB03ZMFM58205853174160,MT940
1158437260,21-02-2025,GBP,27440.02,CREDIT,"Crawford, Lynch and Powers",GB09JBXJ63384177544603,ICICI Bank,GB22VXBP94953918019976,MT940
2032790828,18-02-2025,INR,46774.89,DEBIT,Bennett LLC,GB51RRWG59025185483925,HDFC Bank,GB36PXJW39067619379663,MT940
1803962995,04-03-2025,USD,3108.25,DEBIT,"Fritz, Parker and Black",GB40JHEM38286042591945,Syndicate Bank,GB44NNHY15570117267936,MT940
9769157648,08-03-2025,JPY,33327.98,DEBIT,Freeman and Sons,GB17JXMC25174443441622,Syndicate Bank,GB29VMVJ59059567858191,MT940
7079154119,17-03-2025,INR,46401.13,CREDIT,Wright-Mendez,GB18JAPD36931000249538,ICICI Bank,GB20TAEV81203080092593,MT940
1685803735,15-03-2025,JPY,28824.69,DEBIT,Hammond-Preston,GB55HCBM36093595992844,HDFC Bank,GB87DGUB04898429604049,MT940
7768809640,08-03-2025,JPY,33362.08,CREDIT,"Owens, Day and Fields",GB90IACQ43520146438534,ICICI Bank,GB22FOJJ25729264935034,MT940
9394591341,07-03-2025,USD,47233.01,DEBIT,Miles Ltd,GB81RCMV38194567654320,ICICI Bank,GB84ABME66835223890814,MT940
9970678747,05-03-2025,USD,22975.01,DEBIT,Williams Ltd,GB29DJQN91171117434962,Syndicate Bank,GB07CHPH09118253484488,MT940
9914080214,19-02-2025,EUR,32783.48,DEBIT,"Bennett, Porter and Diaz",GB14SXAL50713370813039,ICICI Bank,GB32MIZO45469682647904,MT940
4583953709,19-02-2025,GBP,41740.35,DEBIT,Smith-Allen,GB45ZWTY35624245704629,HDFC Bank,GB62JEEE98314921024556,MT940
7427690577,21-02-2025,INR,2777.87,CREDIT,Gomez-Moore,GB87EKPJ81077114369325,Syndicate Bank,GB13OFEP46827057243862,MT940
9193291695,12-03-2025,JPY,25845.12,CREDIT,Hall LLC,GB77JIUZ55711635395723,Syndicate Bank,GB57XLNB59709971733295,MT940
9456565927,14-03-2025,GBP,31010.33,DEBIT,Jones and Sons,GB50OTJF68255905203187,HDFC Bank,GB42LPQW49884351281968,MT940
7627410982,24-02-2025,GBP,4273.47,DEBIT,"Butler, Carr and Mack",GB09VEBX34156485503937,Syndicate Bank,GB74OGVO11294079215071,MT940
8192270698,27-02-2025,USD,18949.96,DEBIT,Gilbert-Neal,GB85BSXS70935835537959,Syndicate Bank,GB74CPCC02896664316947,MT940
7024763212,09-03-2025,INR,32958.75,CREDIT,Brown-Watson,GB87FYGR61259695032500,ICICI Bank,GB23ADBI67790000786797,MT940
2058497349,06-03-2025,INR,21416.16,DEBIT,Hays Group,GB57YJPS43581109450692,HDFC Bank,GB13XOEQ61395040758723,MT940
3213046624,18-03-2025,EUR,41581.6,DEBIT,"Lee, Rodgers and Allen",GB68OXZS06429901721239,HDFC Bank,GB35INNT64519947630708,MT940
9893693211,04-03-2025,USD,37455.04,DEBIT,Watson-Cole,GB32LAQZ01300014491219,Syndicate Bank,GB67SBLZ79839989501791,MT940
8228414432,02-03-2025,GBP,28978.71,DEBIT,Jackson Ltd,GB41AUBV47021645186103,HDFC Bank,GB43UAQI13547152140787,MT940
1846225203,09-03-2025,JPY,30261.89,CREDIT,Rodriguez and Sons,GB28UKKO82386828448167,ICICI Bank,GB10LLBY45033977438643,MT940
2727070475,16-03-2025,JPY,8349.25,CREDIT,Brady PLC,GB83SGLF91276827369349,Syndicate Bank,GB77ZISF19343702373128,MT940
8621065925,15-03-2025,EUR,9830.8,DEBIT,Andrews Group,GB25QBAY84945768629022,HDFC Bank,GB40XQKV29435879188317,MT940
7246064922,28-02-2025,INR,15641.93,DEBIT,Garcia and Sons,GB31VBLZ42119008983777,HDFC Bank,GB52GFQB72458842800079,MT940
4439462619,27-02-2025,USD,1271.28,CREDIT,Jimenez-Jones,GB96XOFS94270667353083,Syndicate Bank,GB47ZLGQ53455691720655,MT940
2517142422,23-02-2025,EUR,6347.24,CREDIT,Stephenson-Hurley,GB19GZXQ97208762619379,ICICI Bank,GB26ZKLC30650002716538,MT940
7519786535,07-03-2025,JPY,38529.23,DEBIT,"Miller, Ibarra and Anderson",GB13XLRU35570462891405,HDFC Bank,GB65GPSR18416923941544,MT940
6842916801,08-03-2025,JPY,33010.45,CREDIT,"Martin, Knox and Jones",GB85YPYJ23249891572958,Syndicate Bank,GB31PLFG18153150338192,MT940
8461665464,20-02-2025,EUR,18617.34,DEBIT,Byrd Inc,GB58PABY35988920613190,ICICI Bank,GB77PKAF35506917525221,MT940
5272402232,13-03-2025,JPY,44614.72,CREDIT,Rasmussen LLC,GB95WCYL10556300994916,ICICI Bank,GB16ALSL88004628859288,MT940
1754261658,17-02-2025,GBP,36057.93,DEBIT,Davis-Hopkins,GB64RGSI64603660954933,ICICI Bank,GB33QNPE93920239077695,MT940
4825828001,18-03-2025,JPY,46813.72,DEBIT,Rivera and Sons,GB96QKXE20588580613429,HDFC Bank,GB47DCPH85472756429115,MT940
4311203159,17-03-2025,INR,45706.48,DEBIT,"Walters, Lopez and Roberts",GB32SXCW31742817249428,HDFC Bank,GB30KSRZ35009606551035,MT940
7288569417,05-03-2025,EUR,7691.81,DEBIT,"Blair, Arellano and Nunez",GB07LUCC31368987850281,HDFC Bank,GB44OGUE88118143281696,MT940
4858971177,06-03-2025,GBP,28051.99,DEBIT,Arias-Benitez,GB32ABWV14004325912703,HDFC Bank,GB41DEIM01871007143445,MT940
5411057340,24-02-2025,USD,49957.94,DEBIT,"Campbell, Roy and Franklin",GB03POPO37303042697419,Syndicate Bank,GB41HNXR59769847534496,MT940
4934314528,14-03-2025,JPY,33617.61,DEBIT,Lee Inc,GB33ZCRG10419236135815,Syndicate Bank,GB72MQRJ62087722056891,MT940
9203886431,21-02-2025,EUR,43922.32,DEBIT,"Norton, Wilson and Mccullough",GB03ZURI74677719284040,HDFC Bank,GB74HYXH10968524789282,MT940
2454897223,18-03-2025,GBP,4072.39,CREDIT,Johns-Velasquez,GB28MNIM18637653355761,ICICI Bank,GB28LNVE95797924505297,MT940
8667231388,16-03-2025,JPY,45929.54,CREDIT,Gutierrez-Gibson,GB15TBPI69617196026523,Syndicate Bank,GB36BYYR97945469422330,MT940
9206741730,20-02-2025,USD,45949.64,DEBIT,Hayden-Garcia,GB77GLDG84063716782500,ICICI Bank,GB04BOVW74813327449388,MT940
6214530667,17-03-2025,JPY,20261,CREDIT,Wilson PLC,GB70ZWQD16521465997803,Syndicate Bank,GB81YHHL89225173509530,MT940
2176688844,27-02-2025,JPY,3528.44,CREDIT,Martin LLC,GB45IFCY35986148623185,Syndicate Bank,GB86PRBD13741234820338,MT940
7476211155,03-03-2025,INR,23788.68,CREDIT,Hanson Inc,GB51MCCC53500717829634,Syndicate Bank,GB32JYBL68257656604860,MT940
7491810518,06-03-2025,USD,34931.94,CREDIT,Johnson-Perez,GB82YGAG87103469682029,HDFC Bank,GB69QBPI03869145963652,MT940
7326353071,18-02-2025,USD,17697.55,DEBIT,Lawrence Inc,GB85TLFY57162570793992,Syndicate Bank,GB47NTCW20154261916030,MT940
6636339791,17-03-2025,USD,18822.09,DEBIT,Brown-Morton,GB22CNZJ63691521057489,ICICI Bank,GB22SRYK06480389537781,MT940
2747923735,19-02-2025,GBP,12803.57,CREDIT,Nguyen PLC,GB65SVVR61762559669500,HDFC Bank,GB54RLIJ10444870855336,MT940
6815155697,27-02-2025,USD,3652.02,CREDIT,"James, Flores and Pierce",GB59UAVB26158959122132,ICICI Bank,GB23BHUO32263240085886,MT940
7661637976,11-03-2025,JPY,34707.2,DEBIT,"Lewis, Jackson and King",GB32RHTL57623680928236,Syndicate Bank,GB06GUOE96107388275449,MT940
1180620596,20-02-2025,GBP,30400.37,DEBIT,Wood and Sons,GB81CWHH68983733553106,HDFC Bank,GB07YIRA27670173748190,MT940
2200528550,23-02-2025,EUR,38900.97,CREDIT,"Love, Myers and Franklin",GB53TAFU25196294763400,ICICI Bank,GB45KFFB06564740675199,MT940
6362962092,14-03-2025,EUR,19022.55,CREDIT,Edwards and Sons,GB90UHBU17555511313262,Syndicate Bank,GB17MXBX70995704912138,MT940
7628863438,21-02-2025,INR,39385.44,DEBIT,"Miller, Conner and Spencer",GB25UTRL00323601085484,Syndicate Bank,GB85SJOR43774775295635,MT940
8695319727,25-02-2025,USD,12294.62,DEBIT,Maynard LLC,GB63IQSU59249497030645,Syndicate Bank,GB72XVIL82475564394302,MT940
2218475945,05-03-2025,USD,21273.59,DEBIT,"Barnes, Harris and Miller",GB48CFZI07049676518415,HDFC Bank,GB97EXCX47139227978700,MT940
2769297614,18-03-2025,GBP,5448.2,DEBIT,"Reid, Hess and Estrada",GB87OPNK68664300446420,HDFC Bank,GB29QSTJ75613215064060,MT940
7296388015,09-03-2025,USD,46778.4,CREDIT,Chavez Group,GB45DMDQ76580154341844,ICICI Bank,GB64SBVF46807675446183,MT940
9314727362,23-02-2025,JPY,22562.93,CREDIT,"Johnson, Foster and Duncan",GB96ALZS20665599995019,Syndicate Bank,GB84EOSY56727802866481,MT940
3853765228,06-03-2025,GBP,41182.27,CREDIT,"Lambert, Hernandez and Perez",GB08BXEF77537933145164,ICICI Bank,GB89WEMX83754125429413,MT940
3686480512,08-03-2025,USD,13568.87,CREDIT,Macias-Baldwin,GB76NSBS10509884149989,ICICI Bank,GB88WDQI21531778824116,MT940
3369175324,12-03-2025,EUR,37935.73,DEBIT,Daniels Ltd,GB10FWHA17666242635538,Syndicate Bank,GB71UNZU27065870109014,MT940
8287663865,10-03-2025,INR,42583.25,CREDIT,Smith Group,GB80UKKS91117974513368,HDFC Bank,GB78ULOP65406010925809,MT940
9482092863,10-03-2025,EUR,47535.88,CREDIT,Becker-Jackson,GB73SFPT26455753111225,HDFC Bank,GB23ETLE41596783744268,MT940
3104785772,22-02-2025,USD,16040.12,DEBIT,Preston LLC,GB77IIZI78038644196813,HDFC Bank,GB07JNHD22468046611826,MT940
4797267642,10-03-2025,EUR,12331.65,DEBIT,Wise-Phillips,GB54SWMB27681024640153,ICICI Bank,GB88YXHH08778010350498,MT940
9249357887,01-03-2025,INR,49356.23,DEBIT,Hoover Ltd,GB97NGKF97775954261335,HDFC Bank,GB29EQKU31083488796902,MT940
1814919387,10-03-2025,EUR,6118.99,DEBIT,"Andrews, Reeves and Hunter",GB50ECHI92393694470301,HDFC Bank,GB75VOFT99039050802580,MT940
3718718928,03-03-2025,GBP,30564.55,CREDIT,Jones-Garcia,GB15RICZ80506049675478,ICICI Bank,GB78LCDX09224657118600,MT940
7785052003,14-03-2025,EUR,49498.42,DEBIT,"Ramirez, Payne and Donaldson",GB13QSOE41603245079151,ICICI Bank,GB94UQAC15929017569528,MT940
3272996514,01-03-2025,USD,7535.06,CREDIT,Smith PLC,GB69QEYE44570462772767,Syndicate Bank,GB50HZHT17428639245293,MT940
5329714599,09-03-2025,JPY,28529.99,DEBIT,Cook-Bell,GB68SLWB10940162074805,Syndicate Bank,GB93ZEJJ94426077715488,MT940
8766759528,13-03-2025,USD,1999.49,DEBIT,Collins-Long,GB28SYUY67651313512672,Syndicate Bank,GB20LROZ83284941842671,MT940
2699216355,23-02-2025,USD,23506.08,CREDIT,"Harvey, Butler and Vance",GB75TDHU57362621066861,HDFC Bank,GB57ITFH80908314538430,MT940
8783060176,06-03-2025,EUR,25690.63,DEBIT,"Ball, Chase and Griffith",GB28FZES09726170992025,Syndicate Bank,GB22KLKF52985729184880,MT940
3286734160,16-03-2025,INR,5256.07,CREDIT,"Armstrong, Rowe and Bailey",GB46ULYM71309368513699,ICICI Bank,GB51FIWI23629561148536,MT940
2061009956,18-03-2025,INR,49189.82,CREDIT,Williams LLC,GB05MUVF79265905992485,Syndicate Bank,GB13LPZM47076781292216,MT940
2202884056,09-03-2025,GBP,20832.12,CREDIT,Jones PLC,GB54USQT47260861500284,ICICI Bank,GB45UKYR11787485146572,MT940
9486285584,15-03-2025,INR,39075.37,CREDIT,Holmes-Kemp,GB76ZLDK12936243591359,HDFC Bank,GB05VKLX08077500374128,MT940
2579274566,22-02-2025,JPY,18142.75,CREDIT,"Gonzales, Smith and Francis",GB39BYBZ15738324440756,HDFC Bank,GB80QCZJ33007671654743,MT940
2369033436,07-03-2025,EUR,4106.47,CREDIT,Jackson LLC,GB24QQVD64258364517573,HDFC Bank,GB38YGNP26876982373437,MT940
1218116278,21-02-2025,GBP,38722.27,CREDIT,"Murphy, Miller and Meyer",GB92RSMN39109770648153,Syndicate Bank,GB33DFRK66774942535048,MT940
9488044140,22-02-2025,INR,42277.96,CREDIT,Jordan PLC,GB05RFTG79212342500600,Syndicate Bank,GB84OHED23256202158520,MT940
4914042496,10-03-2025,GBP,10598.97,DEBIT,"Kirk, Gonzalez and Pacheco",GB29SJFT57849382913034,Syndicate Bank,GB96ZYLV14610687533051,MT940
4959162193,17-02-2025,INR,9022.92,CREDIT,Howell-Dominguez,GB28VSRE62034172065617,ICICI Bank,GB44NPHP58988219335255,MT940
4443628142,11-03-2025,EUR,19833.18,DEBIT,Thompson-Costa,GB68CBWQ33006934117549,Syndicate Bank,GB39PSMH45726459773751,MT940
3769564531,14-03-2025,JPY,8427.71,CREDIT,Andrews Group,GB96GVNG09922772243945,Syndicate Bank,GB88TTDN63196970469337,MT940
6246961216,01-03-2025,GBP,13074.49,DEBIT,"Davis, Sanchez and Morris",GB03HCWR19182517932294,Syndicate Bank,GB49HJRR83593540343580,MT940
7453014164,24-02-2025,GBP,23816.94,CREDIT,Robinson-Jacobs,GB68DYCK05530646902777,Syndicate Bank,GB37ZDFB69609523536216,MT940
3823443341,23-02-2025,JPY,11537.17,DEBIT,Harrell Group,GB74WOOQ31364500083926,HDFC Bank,GB27LNXO92802343753613,MT940
9276709965,06-03-2025,GBP,22956.25,CREDIT,Castro and Sons,GB60KSLL28151343303196,ICICI Bank,GB73UJBA74969443305956,MT940
8826718108,12-03-2025,JPY,37963.57,CREDIT,Simpson and Sons,GB23KFWA95064131520742,Syndicate Bank,GB68BMLI41179427236124,MT940
6545914134,17-02-2025,INR,5487.48,CREDIT,Mathis Inc,GB73DGEV33752060962836,HDFC Bank,GB12GNAX81850010530791,MT940
4763504351,14-03-2025,GBP,39433.4,CREDIT,"Hanson, Bowman and Mcguire",GB83GILY79823108258420,ICICI Bank,GB18KNJW22470464920916,MT940
8302843268,02-03-2025,USD,37122.48,CREDIT,Campos-Reynolds,GB63GSLE39162587317439,Syndicate Bank,GB36JAPJ39176667929781,MT940
5469844832,10-03-2025,JPY,41620.57,DEBIT,"Martinez, Dickson and Rodriguez",GB03UTXS11503688656372,Syndicate Bank,GB56OXMI81889670599446,MT940
4651213791,10-03-2025,GBP,34825.66,CREDIT,Padilla Inc,GB10LRPJ57331314272836,Syndicate Bank,GB74AKEM16906492386739,MT940
8547183245,26-02-2025,GBP,11630.55,CREDIT,"Williams, Zimmerman and Morris",GB82YMCW34202163144675,Syndicate Bank,GB42WZRL81107562163147,MT940
1266139236,05-03-2025,INR,2914.4,CREDIT,"Khan, Miller and Rose",GB32FWFF86924156491241,HDFC Bank,GB63OAYX92028469666474,MT940
2583447305,12-03-2025,INR,32379.07,CREDIT,Young-Phillips,GB88LECS58969477888430,Syndicate Bank,GB74OIDD19420565087527,MT940
8461247397,07-03-2025,EUR,28713.77,DEBIT,"Mcdaniel, Luna and Summers",GB12ERLA20741988657647,HDFC Bank,GB29MPBD75418729011857,MT940
5306144293,26-02-2025,INR,16891.74,CREDIT,Myers LLC,GB93ZZND87118508704532,Syndicate Bank,GB24KVZC27097326400106,MT940
8821355279,06-03-2025,USD,39482.38,CREDIT,"Fuller, Woodward and Evans",GB79TYCX17879068769614,ICICI Bank,GB74PBJO00142118210182,MT940
5827069439,17-02-2025,INR,29963.79,CREDIT,Gallagher Ltd,GB26OIZM37455180425819,ICICI Bank,GB26MATS23771283945854,MT940
1950645608,05-03-2025,USD,36293.27,CREDIT,"Bryant, Grant and Jenkins",GB13CPCJ34363945869906,Syndicate Bank,GB49XURQ53445496873491,MT940
5491138617,17-02-2025,USD,23527.53,DEBIT,"Bradley, Perez and Copeland",GB52ADSL31105246820097,HDFC Bank,GB11RVCU33857151312538,MT940
7977990909,10-03-2025,JPY,31225.49,CREDIT,Diaz Group,GB58LESV09301401926673,Syndicate Bank,GB96XZCN40835106843564,MT940
